{"cameraMode":{"drawMode":0,"name":"Shaded","section":"Shading Mode"},"sceneLighting":false,"audioPlay":false,"sceneViewState":{"showFog":true,"showMaterialUpdate":false,"showSkybox":true,"showFlares":true,"showImageEffects":true,"showParticleSystems":true},"in2DMode":false,"pivot":{"x":1.0000005960464478,"y":0.6322205662727356,"z":-0.201711967587471},"rotation":{"x":-0.01025195512920618,"y":0.21605068445205689,"z":-0.002271870616823435,"w":-0.97633296251297},"size":2.946782112121582,"orthographic":true}