{"cameraMode":{"drawMode":0,"name":"Shaded","section":"Shading Mode"},"sceneLighting":false,"audioPlay":false,"sceneViewState":{"showFog":true,"showMaterialUpdate":false,"showSkybox":true,"showFlares":true,"showImageEffects":true,"showParticleSystems":true},"in2DMode":false,"pivot":{"x":0.12699998915195466,"y":0.15976184606552125,"z":1.6180000305175782},"rotation":{"x":0.0015008898917585612,"y":0.0003145463124383241,"z":-0.0000010433307124912972,"w":1.0000038146972657},"size":1.5277072191238404,"orthographic":true}