{"cameraMode":{"drawMode":0,"name":"Shaded","section":"Shading Mode"},"sceneLighting":true,"audioPlay":false,"sceneViewState":{"showFog":true,"showMaterialUpdate":false,"showSkybox":true,"showFlares":true,"showImageEffects":true,"showParticleSystems":true},"in2DMode":false,"pivot":{"x":-16.524606704711915,"y":-78.0799789428711,"z":61.46997833251953},"rotation":{"x":-0.17898929119110108,"y":0.022408168762922288,"z":-0.00409339414909482,"w":-0.9836214184761047},"size":46.557411193847659,"orthographic":true}